Anjo da Guarda (9cm);Religiosos
Mestre Yoda (15cm);Colecionáveis
Bandeira Benchy;Colecionáveis
Bandeja de joias;Organizadores
Benchy;Colecionáveis
Borboleta articulada;Brinquedos
Brinco Gota;Acessórios
Caixa de joias empilhável V4 (1un com tampa);Organizadores
Caixa de joias empilhável V4 (1un sem tampa);Organizadores
Caixa de viagem pequena para joias;Organizadores
Caixa dobrável personalizável;Caixas
Caixa organizadora de joias Mandala;Organizadores
Caixa para chá com tampa;Organizadores
Caixa para lenço/papel higiênico;Organizadores
Carregador de relógio Haylou Solar Ls05;Suportes
Cartão de visita PEM Studio;Papelaria
Cesta Corda;Utensilios
Chapéu Seletor Harry Potter;Chaveiros
Chaveiro 1 Nome;Chaveiros
Chaveiro 2 Nomes;Chaveiros
Chaveiro Cachorro Tricô;Chaveiros
Chaveiro Coração + Nomes;Chaveiros
Chaveiro Coxinha;Chaveiros
Chaveiro Docinho + Nome (4 Cores);Chaveiros
Chaveiro Docinho Sem Nome (4 Cores);Chaveiros
Chaveiro Flamengo 2 Lados (3 Cores);Chaveiros
Chaveiro Gatinho Tricô;Chaveiros
Chaveiro Halter (4kg pequeno);Chaveiros
Chaveiro Halter (4Kg);Chaveiros
Chaveiro Placa BR com nome;Chaveiros
Chaveiro Placa Nome + Sobrenome (Maior);Chaveiros
Chaveiro Placa Nome + Sobrenome (Menor);Chaveiros
Chaveiro Pneu com nome;Chaveiros
Chaveiro Polvo;Chaveiros
Chaveiro Símbolo Feminino (coração);Chaveiros
Chaveiro Símbolo Feminino (mão fechada);Chaveiros
Chaveiro Stitch;Chaveiros
Chaveiro Trator;Chaveiros
Chaveiro Unicórnio + Nome (3 Cores);Chaveiros
Chaveiro Varinha Harry Potter;Chaveiros
Clicker Café;Chaveiros
Clicker Cupcake;Chaveiros
Clicker Flor;Chaveiros
Clicker Flor Dia da Mulher;Dia da Mulher
Cobra Articulada (45cm);Brinquedos
Cruz com nome (8cm);Religiosos
Cruz sem nome (8cm);Religiosos
Decoração Floral;Decorações
Divino Espírito Santo (15cm);Religiosos
Divino Espírito Santo (9cm);Religiosos
Enrolador de cabo de celular Isabella;Celular
Escultura Ressonância Celestial;Decorações
Fidget Bola Giratória;Brinquedos
Fidget Cubo Infinito (Pequeno);Brinquedos
Fidget Hexágono Giratório (V2);Brinquedos
Jesus Minimalista;Religiosos
Jogo Equilíbrio de Dragão;Jogos
Kit Bastidor;Suportes
Kit Flores para Embalagens (50un);Embalagem
Kit Réguas em T;Papelaria
Kit Réguas Encadernação;Papelaria
Laço para presente;Embalagem
Lixeira de mesa com nome;Setup
Lixeira de mesa sem nome;Setup
Luminária de mesa;Luminárias
Luminária Nuvem com nome;Luminárias
Mão Decorativa Articulada (10cm);Decorações
Marca Página Flores (Leque);Livros
Marca Página Flores (Rosa);Livros
Marca Página Flores (Trevo);Livros
Marcador de livro floral (15cm);Livros
Marcador de livro floral (20cm);Livros
Marcador de livro Tulipa;Livros
Marcador de página Cruz 11cm;Livros
Marcador de página Cruz 15cm;Livros
Mike Wazowski (14cm);Colecionáveis
Nome para Suporte BTS;Suportes
Nossa Senhora Aparecida (12cm);Religiosos
Nossa Senhora Aparecida (16cm);Religiosos
Nossa Senhora Aparecida (8cm);Religiosos
Oração Santo Anjo;Religiosos
Patolino (21cm);Colecionáveis
Placa 25x25cm;Placas
Placa Acesso Restrito redonda;Placas
Placa Advogado;Placas
Plaquinha Filamento;Colecionáveis
Plaquinha nome pet com endereço;Chaveiros
Ponteira para lápis;Escolar
Porta caneta/escova de dentes Colméia (com acessórios);Organizadores
Porta canetas Gatinho grande (16cm);Organizadores
Porta canetas Gatinho médio (12cm);Organizadores
Porta copo Stitch;Colecionáveis
Porta Copos Monstera;Utensilios
Porta Guardanapo Borboleta;Utensilios
Porta Guardanapo Corda;Utensilios
Porta Guardanapo Monstera;Utensilios
Porta recados clipe ;Papelaria
Porta tempero;Utensilios
Pote com tampa (4,5cm);Potes
Prateleira com gavetas;Organizadores
Presépio ;Natal
Presépio 2D para árvore de natal;Natal
Presilha de filamento;Organizadores
Raiva (8cm);Brinquedos
Rosa Botão;Decorações
Rosa Mulher (11cm);Dia da Mulher
Rosa Mulher (21cm);Dia da Mulher
Sagrada Família (10cm);Religiosos
Shrek;Colecionáveis
Suporte Bonecos BTS;Suportes
Suporte Dobrável para Celular;Celular
Suporte fone Gatinho;Setup
Suporte 10cm;Suportes
Suporte para Alexa Echo Dot 3ª geração;Suportes
Suporte para Alexa Echo Dot 4ª / 5ª geração;Suportes
Suporte para caixa de joias empilhável;Organizadores
Suporte para canetinhas (25 unidades);Suportes
Suporte para controle remoto detalhes;Organizadores
Suporte para copo Stitch;Utensilios
Suporte para foto polaroid;Decorações
Suporte para fotos + Ramo de flor (16cm);Decorações
Suporte para óculos Dinossauro;Decorações
Suporte para teclado;Suportes
Suporte Sachê de Chá;Utensilios
Tiara Laço;Acessórios
Torre Suporte BTS;Suportes
Tulipa Com Folha;Decorações
Tulipa Fina (16cm);Dia da Mulher
Varinha Harry Potter (28cm);Colecionáveis
Vasinho de Tulipa;Decorações
Vasinho Suculenta (7cm);Decorações
Vaso Curvas (20cm);Decorações
Vaso Espiral (16cm);Decorações
Vaso Felicia Espiral (11cm);Vasos
Vaso Felicia Espiral (15cm);Vasos
Vaso Felicia Espiral (17,5cm);Vasos
Vaso Trama;Vasos
Vaso Tricolor;Vasos
Enrolador de cabo de celular Ana Paula;Celular
Enrolador de cabo de celular Hebi;Celular
Enrolador de cabo de celular Jane;Celular
Moldura para 30 fotos 10x15;Decorações
Caixa de Lenços;Decorações
Suporte de Fotos e Recados com Laço de Fita;Suportes
Suporte para Fotos Instax Polaroid;Suportes
Brinco Geométrico;Acessórios
Brinco Eclipse;Acessórios
Clicker Baby Yoda;Colecionáveis
Estátua Menina e cão;Pets
Colher para ração Pet (19cm);Pets
Suporte de canetas giratório;Organizadores
Placa QR Code A4;Placas
Fidget Bola Articulada;Brinquedos
Chaveiros Corporativos;Chaveiros
Coelho Decorativo (10cm);Decorações
Coelho Decorativo (15cm);Decorações
Coelho Porta Treco;Decorações
Brinco Brisa;Acessórios
Brinco Lua Cheia;Acessórios
Santa Terezinha (16cm);Religiosos
Plaquinha Santa Terezinha (14cm - com nome);Religiosos
Broche (4,5cm);Acessórios
Cesta de Páscoa Surpresa;Páscoa
Plaquinha com base + logo;Personalizados
Kit Passantes para Agenda (50 un.);Papelaria
Caixa Personalizada (5x5);Personalizados
Placa Pix;Placas
Contador de Livros;Livros
Suporte 17,5cm;Suportes
Porta canetas Jaqueta;Papelaria
Chaveiro copo stanly;Chaveiros
Base Giratória 23cm;Suportes
Suporte PS5 Homem Aranha;Suportes
Suporte PS4;Suportes
Chaveiros Diversos;Chaveiros
Ovo + Dragão Articulado;Brinquedos
Ovo Articulado;Brinquedos
Porta Guardanapo Personalizado;Personalizados
Cubo Bola;Brinquedos
Coelho Kinder Ovo;Páscoa
Dragão Grande;Brinquedos
Ovo do Dragão Grande;Brinquedos
Origami;Brinquedos
Estrela Sensorial;Brinquedos
Ovo do Dragão Pequeno;Brinquedos
Dragão Pequeno;Brinquedos
Carimbo e Cortador Personalizado;Personalizados
Bolinha Espiral;Brinquedos
Caixa Dobrável + Nossa Senhora Aparecida;Embalagem
Abelha 6,7cm;Colecionáveis
Brinquedo Gato Carretel;Pets
Chaveiro Capivara Articulada;Chaveiros
Família Personalizada;Decorações
Caixa Guarda Terço Nossa Senhora Aparecida;Religiosos
Cruz Inquietação com Coração;Religiosos
Caranguejo;Brinquedos
Kit Divino Espírito Santo (30 unidades);Religiosos
Suporte para fone monitor;Suportes
Suporte para placa de vídeo;Suportes
Imã TGA Sistemas 3cm (6x2);Personalizados
Kit 50 Rosas 4cm;Embalagem
"Kit 10 plaquinhas ""Mãe"" 3x3cm";Embalagem
Cubo Infinito Supremo;Brinquedos
Flexagon Modular;Brinquedos
Estrela Antiestresse (12cm);Brinquedos
Estrela Antiestresse (17cm);Brinquedos
Cobrinha Articulada (15cm);Brinquedos
Suporte Batom Reto;Acessórios
Cobra Maluca;Brinquedos
Sonic;Colecionáveis
Bola Gear Grande;Brinquedos
Yoshi;Colecionáveis
Snoop;Colecionáveis
Placa Pix, WhatsApp e Instagram;Placas
Chaveiro Nossa Senhora Aparecida;Religiosos
Axolote Articulado;Colecionáveis
Suporte para Planta (formato folha);Suportes
Suporte para Planta (formato árvore);Suportes
Bolinha Articulada;Brinquedos
Chaveiro Água Viva;Chaveiros
Bola Gear Média;Brinquedos
Bola Gear Pequena;Brinquedos
Cubo Infinito Supremo Rainbow;Brinquedos
Porta Chaves Personalizado;Personalizados
Batman;Colecionáveis
Sagrado Coração (15 cm);Religiosos
Sagrado Coração (10 cm);Religiosos
São Francisco (9 cm);Religiosos
Dinossauro Móvel;Brinquedos
Santa Terezinha Caricatura;Religiosos
Santo Antonio Caricatura;Religiosos
Snoop Grande;Colecionáveis
Porta Copos Vaso Monstera com Ímãs;Decorações
Brinquedo Cinético;Brinquedos
Suporte Alexa Aranha;Suportes
Pinguim Madagascar (Recruta);Colecionáveis
Chaveiro Espírito Santo;Religiosos
Anjo Rezando (11cm);Religiosos
ArcSpin Médio;Brinquedos
Chaveiro Medalha de São Bento;Religiosos
Sagrada Família Estátua (15cm);Religiosos
Groot com coração;Colecionáveis
Porta Canetas Flores;Suportes
Porta Canetas Vasinho;Suportes
Caixa Copa Pequena;Caixas
Caixa Copa Grande;Caixas
Coração Anti-estresse;Brinquedos
Snoop com Coração;Colecionáveis
Chaveiro Coração Giratório;Chaveiros
Cachorro Tricô com Coração;Colecionáveis
Gato Tricô com Coração;Colecionáveis
Dinossauro Triceraptus;Colecionáveis
Bailarina Giratória (sem detalhes);Brinquedos
Grogu Urbano;Colecionáveis
Bailarina Giratória (com detalhes);Brinquedos
Terço de duas cores;Religiosos
Terço cor única;Religiosos
Dinossauro T-Rex 2;Brinquedos
Mini Darth Vader;Colecionáveis
Mario Bros no cano;Colecionáveis
São José segurando Jesus Caricatura;Religiosos
Espírito Santo Base Dourada (15cm);Religiosos
Espírito Santo Base Dourada (10cm);Religiosos
Espírito Santo Base Dourada com suporte (10cm);Religiosos
Suporte de Celular Coração;Suportes
Nossa Senhora Aparecida com Suporte 2D;Religiosos
Chaveiro Nossa Senhora Aparecida 2D;Religiosos
Jesus Crucificado (9cm);Religiosos
Taça Porta Copo Stanley;Colecionáveis
Clicker Morango;Chaveiros
Dinossauro T-Rex Esqueleto;Brinquedos
Porta Canetas Coração;Suportes
Suporte Celular Coração;Suportes
Suporte Varinha Harry Potter;Colecionáveis
Caldeirão Harry Potter;Colecionáveis
Caracol Empilhado Arco-Íris;Brinquedos Infantis
Jesus Crucificado (15cm);Religiosos
Bola Twist ;Brinquedos Sensoriais
Porta Treco 12cm;Porta Trecos
Suporte Headphone;Suportes
Colher para ração Pet (14cm);Pets
Ore e Confie (15x7);Religiosos
Porta-Lápis Harry Potter;Colecionáveis
Katana;Brinquedos
Organizador de Mesa Pequeno Snoopy e Woodstock para Post-It;Colecionáveis
Nossa Senhora Aparecida (20cm);Religiosos
Giro Orbital;Brinquedos Sensoriais
Pomo de Ouro Harry Potter;Colecionáveis
Ore e Confie (18x9);Religiosos
Espírito Santo (para parede - 20cm);Religiosos
Camaleão;Brinquedos
Hulk;Colecionáveis
São Miguel Arcanjo (17cm);Religiosos
